{"cameraMode":{"drawMode":0,"name":"Shaded","section":"Shading Mode"},"sceneLighting":true,"audioPlay":false,"sceneViewState":{"showFog":false,"showMaterialUpdate":false,"showSkybox":false,"showFlares":false,"showImageEffects":false,"showParticleSystems":true},"in2DMode":false,"pivot":{"x":-7.040942668914795,"y":0.9999985694885254,"z":13.464588165283204},"rotation":{"x":3.6401484049264356e-9,"y":0.03149481862783432,"z":1.2430636520122107e-9,"w":-0.9995039105415344},"size":33.0749397277832,"orthographic":false}